sex,age,famsize,Pstatus,traveltime,studytime,schoolsup,famsup,paid,activities,internet,romantic,famrel,freetime,goout,absences,G3
F,18,GT3,A,2,2,yes,no,no,no,no,no,4,3,4,6,6
F,17,GT3,T,1,2,no,yes,no,no,yes,no,5,3,3,4,6
F,15,LE3,T,1,2,yes,no,yes,no,yes,no,4,3,2,10,10
F,15,GT3,T,1,3,no,yes,yes,yes,yes,yes,3,2,2,2,15
F,16,GT3,T,1,2,no,yes,yes,no,no,no,4,3,2,4,10
M,16,LE3,T,1,2,no,yes,yes,yes,yes,no,5,4,2,10,15
M,16,LE3,T,1,2,no,no,no,no,yes,no,4,4,4,0,11
F,17,GT3,A,2,2,yes,yes,no,no,no,no,4,1,4,6,6
M,15,LE3,A,1,2,no,yes,yes,no,yes,no,4,2,2,0,19
M,15,GT3,T,1,2,no,yes,yes,yes,yes,no,5,5,1,0,15
F,15,GT3,T,1,2,no,yes,yes,no,yes,no,3,3,3,0,9
F,15,GT3,T,3,3,no,yes,no,yes,yes,no,5,2,2,4,12
M,15,LE3,T,1,1,no,yes,yes,yes,yes,no,4,3,3,2,14
M,15,GT3,T,2,2,no,yes,yes,no,yes,no,5,4,3,2,11
M,15,GT3,A,1,3,no,yes,no,no,yes,yes,4,5,2,0,16
F,16,GT3,T,1,1,no,yes,no,no,yes,no,4,4,4,4,14
F,16,GT3,T,1,3,no,yes,yes,yes,yes,no,3,2,3,6,14
F,16,GT3,T,3,2,yes,yes,no,yes,no,no,5,3,2,4,10
M,17,GT3,T,1,1,no,yes,no,yes,yes,no,5,5,5,16,5
M,16,LE3,T,1,1,no,no,yes,yes,yes,no,3,1,3,4,10
M,15,GT3,T,1,2,no,no,no,no,yes,no,4,4,1,0,15
M,15,GT3,T,1,1,no,yes,yes,no,yes,no,5,4,2,0,15
M,16,LE3,T,1,2,no,no,no,yes,yes,no,4,5,1,2,16
M,16,LE3,T,2,2,no,yes,no,yes,yes,no,5,4,4,0,12
F,15,GT3,T,1,3,yes,yes,yes,yes,yes,no,4,3,2,2,8
F,16,GT3,T,1,1,no,yes,yes,no,yes,no,1,2,2,14,8
M,15,GT3,T,1,1,no,yes,yes,no,yes,no,4,2,2,2,11
M,15,GT3,T,1,1,no,no,yes,no,yes,no,2,2,4,4,15
M,16,LE3,A,1,2,yes,yes,no,yes,yes,no,5,3,3,4,11
M,16,GT3,T,1,2,no,yes,yes,yes,yes,yes,4,4,5,16,11
M,15,GT3,T,1,2,no,yes,yes,no,yes,no,5,4,2,0,12
M,15,GT3,T,2,2,no,yes,no,yes,yes,no,4,3,1,0,17
M,15,GT3,T,1,2,no,yes,no,yes,yes,yes,4,5,2,0,16
M,15,LE3,T,1,2,no,no,no,yes,yes,no,5,3,2,0,12
M,16,GT3,T,1,1,no,yes,yes,no,yes,no,5,4,3,0,15
F,15,GT3,T,2,1,no,yes,no,yes,no,no,3,5,1,0,6
M,15,LE3,T,1,3,no,yes,no,yes,yes,no,5,4,3,2,18
M,16,GT3,A,2,3,no,yes,no,yes,yes,yes,2,4,3,7,15
F,15,GT3,T,1,3,yes,yes,yes,yes,yes,no,4,3,2,2,11
F,15,GT3,T,1,1,yes,yes,yes,yes,no,no,4,3,1,8,13
F,16,LE3,T,2,2,no,yes,no,yes,yes,yes,3,3,3,25,11
M,15,LE3,T,1,1,no,yes,no,no,yes,yes,5,4,3,8,12
M,15,GT3,T,1,2,no,yes,no,yes,yes,no,4,3,3,2,18
M,15,GT3,T,1,1,yes,yes,no,no,yes,no,5,4,1,0,11
F,16,LE3,T,2,2,yes,no,no,yes,yes,no,4,3,3,14,9
F,15,LE3,A,1,2,yes,yes,yes,yes,yes,yes,5,2,2,8,6
F,16,LE3,A,1,2,no,yes,no,no,yes,no,2,3,5,12,11
M,16,GT3,T,1,4,no,no,no,yes,yes,no,4,2,2,4,20
M,15,GT3,T,1,2,no,yes,yes,no,no,no,4,3,3,2,14
F,15,GT3,T,1,2,yes,yes,no,yes,yes,no,4,4,4,2,7
F,16,LE3,T,3,2,no,yes,yes,no,yes,no,4,3,3,2,13
F,15,LE3,T,1,2,no,yes,yes,no,yes,no,4,3,3,2,13
M,15,LE3,A,2,1,no,no,no,no,no,no,5,5,5,6,10
F,15,GT3,T,1,1,yes,yes,yes,no,yes,no,3,3,4,0,11
F,15,LE3,A,1,1,no,no,yes,no,yes,no,5,3,4,6,13
F,16,GT3,A,1,2,no,no,yes,yes,yes,yes,5,3,4,8,10
F,15,GT3,A,1,2,no,yes,yes,yes,yes,no,4,3,2,0,15
M,15,GT3,T,1,2,no,yes,no,yes,no,no,3,2,2,4,15
M,15,LE3,T,1,2,yes,yes,no,yes,yes,no,4,3,2,2,9
F,16,GT3,T,1,2,no,yes,no,no,yes,no,4,2,3,2,16
F,16,GT3,T,1,2,no,yes,no,yes,no,no,2,4,4,6,11
F,16,GT3,T,4,1,yes,yes,no,yes,yes,yes,5,5,5,6,11
F,16,LE3,T,1,2,yes,no,no,yes,yes,no,4,4,3,4,9
F,16,GT3,T,1,3,yes,yes,yes,yes,yes,no,3,4,4,2,9
F,15,LE3,T,1,2,yes,no,no,yes,yes,yes,4,4,4,0,10
F,16,LE3,T,3,2,no,yes,no,yes,yes,no,5,4,3,2,15
M,15,GT3,A,1,4,no,yes,no,yes,yes,yes,1,3,3,4,12
F,16,GT3,T,1,4,yes,yes,yes,no,yes,no,4,3,3,4,6
F,15,LE3,T,2,2,yes,yes,yes,no,yes,no,4,1,3,2,8
F,15,LE3,T,2,4,no,yes,no,no,yes,no,4,4,2,12,16
M,16,GT3,T,2,4,no,yes,yes,no,yes,no,4,3,2,0,15
M,15,GT3,T,1,4,no,no,no,no,yes,no,3,3,3,0,10
F,15,GT3,T,1,2,yes,yes,no,no,yes,yes,3,3,4,2,5
M,16,GT3,T,1,1,no,no,no,yes,no,no,5,3,2,2,14
F,16,GT3,T,1,2,yes,yes,yes,yes,yes,no,4,3,3,54,11
M,15,GT3,T,1,2,no,yes,yes,yes,yes,no,4,3,3,6,10
M,15,GT3,T,2,4,no,no,no,yes,yes,no,3,4,3,8,10
F,16,GT3,T,1,4,no,no,yes,no,yes,yes,5,2,3,0,11
M,17,GT3,T,2,1,yes,yes,no,yes,yes,no,4,5,1,2,10
F,16,GT3,T,1,2,no,yes,no,no,yes,no,2,4,3,12,5
M,15,GT3,T,1,1,yes,yes,yes,yes,yes,yes,3,2,2,2,12
M,15,GT3,T,1,3,yes,no,yes,no,yes,no,5,3,2,4,11
F,15,LE3,T,1,2,no,yes,yes,no,yes,no,4,4,4,10,6
M,15,LE3,T,2,2,no,no,yes,yes,yes,no,5,3,3,4,15
F,15,GT3,T,1,2,no,yes,no,yes,yes,no,4,3,2,2,10
F,15,GT3,T,2,2,no,no,yes,no,yes,yes,4,4,4,6,8
F,16,LE3,T,1,2,no,yes,no,no,no,no,4,3,4,4,6
F,15,GT3,T,1,3,no,yes,no,yes,yes,no,5,3,3,4,14
M,16,GT3,T,2,2,no,no,yes,yes,yes,no,4,4,2,12,10
M,16,LE3,A,1,2,no,yes,no,no,no,no,4,1,3,18,7
F,16,GT3,T,1,3,no,yes,yes,no,yes,yes,4,3,3,0,8
F,15,GT3,T,1,1,no,no,yes,yes,yes,no,4,5,5,4,18
F,16,LE3,T,1,2,yes,yes,no,no,no,no,3,3,3,4,6
F,16,GT3,T,2,2,no,yes,yes,yes,yes,no,5,3,3,0,10
M,15,LE3,T,1,4,no,yes,no,yes,yes,no,4,3,4,6,14
F,15,GT3,T,2,4,yes,yes,yes,yes,yes,no,3,1,2,2,10
M,16,GT3,T,2,1,yes,yes,no,yes,yes,no,3,3,3,2,15
F,16,GT3,T,1,2,no,yes,yes,no,no,yes,4,3,5,2,10
F,16,GT3,T,1,1,no,no,no,yes,yes,no,5,3,4,6,14
F,16,GT3,T,1,3,yes,yes,yes,no,yes,no,5,3,5,0,8
M,16,GT3,T,1,1,yes,yes,yes,yes,yes,no,4,5,5,14,5
M,16,GT3,T,1,3,no,yes,no,yes,yes,yes,4,4,3,0,17
M,15,GT3,T,1,1,no,yes,no,yes,yes,no,5,3,3,4,14
F,15,GT3,T,2,2,yes,yes,yes,no,yes,no,4,3,5,26,6
M,15,GT3,A,1,2,no,yes,yes,yes,yes,no,5,4,4,0,18
F,15,GT3,A,1,4,yes,no,no,no,no,no,4,3,3,10,11
F,15,GT3,T,1,4,yes,yes,yes,no,yes,no,5,1,2,8,8
M,16,GT3,T,1,3,no,yes,no,yes,yes,no,5,3,3,2,18
M,15,GT3,T,4,4,no,yes,yes,yes,yes,yes,1,3,5,6,13
F,16,LE3,T,1,3,no,yes,yes,yes,yes,yes,5,4,5,4,16
M,15,LE3,A,1,1,no,no,no,yes,yes,no,5,5,3,6,19
F,16,GT3,T,1,3,yes,yes,no,yes,yes,no,4,1,2,0,10
F,16,GT3,T,1,2,yes,no,no,yes,yes,no,3,1,2,6,13
M,15,LE3,T,1,1,no,no,no,no,yes,no,3,5,2,10,19
M,15,GT3,T,1,2,no,no,no,yes,yes,yes,5,4,2,8,9
M,16,GT3,T,1,2,no,yes,no,yes,yes,no,5,4,4,2,16
M,15,GT3,T,2,2,no,yes,no,yes,no,no,4,4,3,2,14
M,16,GT3,T,2,1,no,no,no,yes,yes,no,5,4,2,0,13
M,17,GT3,T,3,2,no,yes,no,yes,yes,no,5,2,4,20,8
M,15,GT3,T,1,1,no,no,no,no,yes,no,3,4,3,6,13
F,15,GT3,T,1,2,no,no,no,no,yes,no,3,2,3,2,15
M,15,GT3,T,1,4,no,yes,yes,yes,yes,no,5,5,4,6,15
F,16,LE3,T,2,2,no,yes,yes,yes,yes,yes,4,2,2,2,13
M,16,GT3,T,1,1,no,yes,no,yes,yes,no,3,4,4,18,13
F,16,GT3,T,1,2,no,no,yes,no,yes,yes,5,4,4,0,8
M,15,GT3,T,1,1,yes,no,no,no,yes,no,5,5,5,0,12
F,15,LE3,A,1,2,yes,no,no,yes,yes,yes,5,3,2,0,11
F,19,GT3,T,1,2,no,yes,no,no,no,no,3,4,2,2,9
M,18,GT3,T,1,1,no,yes,no,yes,yes,no,3,3,3,0,0
M,16,GT3,T,1,1,no,no,yes,yes,yes,no,3,5,5,8,18
F,15,GT3,T,2,3,no,yes,no,no,yes,yes,4,2,2,0,0
F,15,GT3,T,3,1,no,yes,no,yes,yes,yes,4,3,3,0,0
F,17,LE3,T,1,1,no,yes,no,no,yes,yes,3,4,4,12,12
F,16,GT3,A,1,1,no,no,no,no,yes,no,3,2,1,16,11
M,15,GT3,T,4,2,no,yes,no,no,no,yes,5,3,3,0,0
F,15,GT3,T,1,3,no,yes,no,yes,yes,yes,4,3,3,0,0
M,17,GT3,T,3,2,no,no,no,no,no,no,5,4,5,0,0
F,16,GT3,A,2,1,no,yes,no,yes,yes,yes,4,3,2,0,0
M,16,LE3,T,1,2,no,no,no,no,no,yes,4,4,4,0,12
F,15,GT3,T,2,1,no,no,no,yes,yes,no,4,3,2,0,15
M,15,GT3,T,2,4,yes,yes,no,no,yes,no,2,2,2,0,0
M,16,LE3,T,2,1,no,yes,no,yes,yes,no,2,3,3,8,9
F,15,GT3,T,1,3,no,yes,yes,yes,yes,no,4,2,2,2,11
F,16,LE3,T,1,1,no,no,no,no,yes,no,3,4,4,2,13
M,17,GT3,T,1,1,no,yes,no,no,yes,no,5,4,5,0,0
F,15,GT3,T,1,2,no,yes,yes,no,yes,no,4,4,2,0,11
F,15,GT3,T,1,2,no,yes,no,no,yes,no,3,3,2,0,0
F,15,GT3,T,1,2,no,yes,yes,no,yes,no,4,3,2,2,11
M,16,GT3,T,1,1,no,yes,no,no,yes,yes,3,3,2,0,0
M,15,LE3,A,4,1,no,no,no,no,yes,no,4,5,5,0,10
M,18,LE3,T,1,1,no,no,no,no,yes,yes,2,3,5,0,0
M,16,LE3,T,1,1,no,no,no,yes,no,yes,4,4,4,6,14
F,15,GT3,T,2,3,no,yes,yes,yes,yes,yes,4,2,1,8,10
M,19,GT3,T,1,1,no,yes,no,no,yes,yes,4,5,4,0,0
F,17,GT3,T,1,1,yes,yes,no,no,no,yes,4,2,1,0,12
M,15,GT3,T,1,2,yes,no,yes,yes,no,no,4,4,4,2,8
M,17,LE3,T,1,1,no,no,no,no,no,no,2,2,2,8,13
F,18,GT3,T,3,1,no,yes,no,yes,no,no,5,2,5,6,10
M,16,GT3,T,3,1,no,no,no,no,no,no,4,2,2,2,15
M,16,GT3,T,1,2,no,yes,yes,no,yes,yes,4,5,5,4,12
M,17,LE3,T,2,1,no,no,no,yes,yes,yes,3,3,2,0,0
M,15,GT3,T,2,2,yes,yes,no,no,yes,yes,4,4,4,6,7
M,16,LE3,T,2,1,no,no,no,yes,no,no,4,4,4,0,0
M,17,GT3,T,1,1,no,no,no,no,yes,no,5,3,3,2,10
M,17,LE3,T,4,2,no,no,no,yes,no,yes,5,3,5,0,7
M,16,GT3,T,2,1,no,yes,no,yes,no,no,4,5,2,16,12
M,16,GT3,T,1,2,no,no,no,no,yes,no,4,3,5,4,10
F,16,GT3,T,1,2,no,no,yes,no,yes,yes,4,2,3,0,16
F,16,GT3,T,1,2,no,yes,yes,no,yes,no,5,1,5,0,0
F,16,GT3,T,1,2,no,yes,yes,no,yes,yes,4,4,2,0,14
M,16,GT3,T,3,1,no,yes,no,yes,yes,no,3,4,5,0,0
M,16,GT3,T,2,2,no,yes,yes,yes,yes,yes,4,3,2,2,16
M,17,LE3,T,1,2,no,yes,yes,yes,yes,no,4,4,4,0,10
F,16,GT3,T,1,2,no,no,no,yes,yes,yes,4,3,5,0,0
F,16,LE3,T,2,2,no,yes,yes,yes,yes,no,4,4,5,4,9
M,17,LE3,T,2,2,no,no,yes,yes,yes,no,4,4,4,4,9
F,16,GT3,T,2,2,no,no,yes,yes,yes,no,3,4,4,2,11
M,17,GT3,T,1,2,no,no,no,yes,yes,no,4,3,4,4,6
M,16,GT3,T,1,1,no,yes,no,yes,yes,yes,4,3,3,10,9
M,17,GT3,T,1,2,no,yes,no,yes,yes,yes,5,2,3,4,11
M,16,GT3,T,1,2,no,yes,yes,yes,yes,no,3,4,3,10,8
M,16,GT3,T,1,2,no,no,yes,yes,yes,yes,4,2,3,2,12
F,17,GT3,T,1,2,no,yes,no,yes,no,no,5,4,2,0,17
F,17,LE3,T,1,2,no,yes,no,yes,yes,yes,5,3,3,56,8
F,16,GT3,T,1,2,no,yes,yes,no,yes,no,1,2,2,14,12
M,17,GT3,T,1,2,no,yes,no,yes,yes,yes,4,3,4,12,11
M,16,GT3,T,1,1,no,yes,yes,yes,yes,yes,3,3,3,2,11
M,16,LE3,T,1,2,no,no,yes,yes,yes,yes,4,2,3,0,15
F,17,GT3,A,1,2,no,yes,no,no,yes,yes,3,3,3,6,9
M,17,GT3,T,1,2,no,no,no,no,no,no,3,1,3,4,10
F,16,GT3,T,1,2,no,no,no,no,yes,no,4,3,3,10,13
F,17,GT3,T,1,2,no,no,no,yes,yes,no,5,3,3,0,9
M,17,GT3,T,2,2,no,no,yes,yes,yes,no,4,4,4,12,8
M,16,GT3,T,1,1,no,yes,no,yes,yes,no,4,3,2,8,10
M,16,GT3,T,2,1,no,no,no,no,yes,no,5,3,3,0,14
F,17,LE3,T,1,2,no,no,no,yes,yes,yes,4,3,2,0,15
M,17,GT3,T,1,1,no,no,no,no,yes,no,5,2,3,4,16
M,16,LE3,T,3,1,no,yes,yes,yes,yes,no,3,3,4,8,10
F,17,GT3,T,2,1,no,yes,no,no,yes,no,4,2,4,24,18
F,16,LE3,T,1,2,no,yes,yes,no,yes,no,4,5,2,0,10
F,16,GT3,T,1,2,no,yes,no,yes,yes,no,4,3,5,2,16
F,16,GT3,T,1,2,yes,yes,yes,yes,no,no,4,4,3,6,10
F,17,GT3,T,1,2,no,yes,yes,no,no,no,4,4,4,4,10
F,17,GT3,T,1,1,no,yes,no,no,yes,no,5,3,2,18,6
F,16,GT3,T,2,4,no,yes,yes,yes,yes,no,5,3,5,6,11
F,17,GT3,T,1,3,no,yes,yes,no,yes,yes,4,4,3,28,9
F,16,GT3,A,1,2,no,yes,yes,no,yes,no,2,3,3,5,7
F,16,GT3,T,1,2,no,no,yes,yes,yes,yes,1,3,2,10,13
F,16,GT3,T,2,1,no,yes,yes,no,no,no,4,3,2,6,10
F,17,GT3,T,2,3,no,yes,yes,yes,yes,yes,4,4,2,6,7
F,19,GT3,T,1,4,no,yes,yes,yes,yes,no,4,3,3,10,8
M,17,LE3,T,1,2,no,yes,yes,no,yes,yes,5,3,5,13,13
F,16,GT3,A,1,2,yes,yes,yes,no,yes,no,3,3,4,0,14
M,18,GT3,T,1,2,no,yes,yes,yes,yes,no,4,4,4,15,8
F,17,LE3,T,1,1,no,yes,yes,no,no,no,5,2,1,12,10
F,17,LE3,T,2,2,no,no,yes,no,yes,no,4,4,4,2,15
F,17,GT3,T,1,2,no,no,yes,no,yes,yes,3,4,5,22,4
M,18,LE3,T,1,2,no,yes,yes,no,yes,no,3,2,4,13,8
F,17,GT3,T,2,1,no,yes,yes,no,no,no,3,3,3,3,8
F,17,GT3,T,1,3,no,yes,yes,yes,yes,no,4,3,3,4,10
F,17,GT3,T,2,2,no,yes,no,yes,yes,no,4,2,5,2,6
F,17,GT3,T,1,3,no,yes,no,yes,no,yes,4,3,4,0,0
F,16,GT3,T,1,2,yes,no,no,no,yes,no,2,3,1,2,17
M,18,GT3,T,2,2,no,yes,yes,no,yes,no,3,3,3,0,13
F,16,GT3,T,1,3,no,yes,no,yes,yes,no,5,3,2,0,14
F,18,GT3,T,1,2,no,no,no,yes,yes,yes,5,3,3,16,7
F,17,GT3,T,1,2,no,no,no,yes,yes,no,5,3,4,10,15
M,17,LE3,T,1,2,no,yes,yes,no,yes,no,5,3,3,2,12
M,18,LE3,T,4,2,yes,yes,yes,yes,yes,yes,4,3,2,14,9
F,17,GT3,A,2,3,no,no,no,yes,yes,yes,3,2,3,10,12
F,17,LE3,T,1,2,no,no,no,yes,yes,yes,3,2,3,14,14
M,17,GT3,T,2,2,no,yes,yes,yes,yes,no,4,5,2,4,11
M,17,GT3,T,1,2,yes,yes,no,yes,yes,yes,4,5,5,14,9
M,16,GT3,T,1,2,no,yes,yes,yes,yes,no,4,2,4,2,13
M,16,LE3,T,2,2,no,yes,yes,no,yes,no,3,4,2,18,6
M,16,GT3,T,2,3,no,no,no,yes,yes,yes,5,3,3,10,10
M,17,LE3,T,1,2,no,no,yes,yes,yes,yes,4,4,2,4,13
F,16,GT3,T,1,1,no,no,no,no,yes,yes,4,5,2,20,12
F,17,GT3,T,3,2,no,no,no,yes,no,no,2,1,1,2,11
M,18,GT3,T,1,2,no,no,no,no,yes,no,5,5,4,0,0
M,17,LE3,T,2,2,no,no,no,yes,yes,yes,2,5,5,14,12
M,17,LE3,A,2,2,no,yes,yes,no,yes,no,3,3,3,2,12
M,16,LE3,T,1,1,no,no,no,yes,yes,no,5,4,5,0,0
M,16,GT3,T,1,1,no,no,no,yes,yes,no,5,3,2,0,12
F,18,GT3,T,2,3,no,yes,yes,no,yes,yes,4,4,4,0,0
M,16,GT3,T,3,1,no,no,no,no,yes,no,4,3,3,6,18
M,17,GT3,T,2,1,no,no,no,no,yes,no,5,2,2,4,13
M,22,GT3,T,1,1,no,no,no,no,yes,yes,5,4,5,16,8
M,18,LE3,T,1,2,no,yes,no,no,yes,yes,4,3,3,8,5
M,16,GT3,T,1,1,no,no,yes,no,yes,no,4,3,2,0,15
M,18,GT3,T,2,1,no,no,no,no,yes,no,4,4,5,0,8
M,16,GT3,T,3,2,yes,yes,no,no,yes,no,5,3,3,6,10
M,18,GT3,T,1,1,no,no,no,no,yes,no,3,2,5,4,8
M,16,GT3,T,2,1,no,no,no,yes,no,no,3,3,2,0,8
M,17,GT3,T,1,1,no,no,no,no,yes,no,4,4,2,0,12
M,17,LE3,T,2,1,no,yes,no,yes,yes,no,4,4,4,2,8
F,17,LE3,T,1,4,no,yes,yes,yes,yes,no,4,2,3,6,13
M,19,LE3,A,1,2,no,yes,no,no,yes,no,4,3,1,12,11
M,18,GT3,T,1,2,no,no,no,yes,yes,no,5,2,4,8,14
F,17,LE3,T,1,4,no,no,yes,yes,yes,yes,3,4,1,0,0
F,18,GT3,T,1,2,no,yes,yes,no,yes,yes,3,1,2,21,18
M,18,GT3,T,1,2,no,yes,yes,no,yes,no,4,3,2,2,8
M,18,GT3,T,1,3,no,no,no,yes,no,no,5,3,2,1,12
F,17,GT3,T,1,3,no,no,no,yes,no,no,3,2,3,4,9
F,18,GT3,T,1,3,no,yes,yes,yes,yes,yes,4,3,3,0,0
M,18,LE3,A,2,2,no,yes,yes,yes,yes,no,4,2,5,13,17
M,17,GT3,T,1,2,no,no,yes,yes,yes,yes,5,4,4,2,10
F,18,GT3,T,2,2,no,no,yes,yes,yes,no,4,3,4,8,11
M,18,GT3,T,1,2,no,yes,yes,yes,yes,yes,5,4,5,10,10
F,18,GT3,T,2,2,no,yes,no,no,yes,yes,4,3,5,0,0
F,19,GT3,T,1,2,no,yes,yes,yes,yes,no,4,3,5,15,9
F,18,GT3,T,1,4,no,yes,yes,yes,yes,yes,4,5,5,4,14
F,18,LE3,T,2,2,no,yes,yes,no,no,no,4,4,3,2,11
M,17,GT3,T,1,2,no,yes,yes,yes,no,yes,3,5,2,2,14
F,17,GT3,T,2,2,no,yes,yes,no,yes,yes,4,3,3,2,10
F,17,LE3,T,2,2,yes,yes,yes,no,yes,yes,4,4,4,6,12
F,18,GT3,A,2,2,no,no,no,no,yes,yes,4,1,1,75,9
M,18,GT3,T,2,1,no,no,yes,yes,yes,no,3,2,4,22,9
F,18,GT3,T,1,2,yes,yes,no,yes,yes,yes,2,4,4,15,8
M,18,LE3,T,2,1,no,no,yes,yes,yes,no,4,2,3,8,10
M,17,LE3,A,2,1,no,no,yes,yes,yes,yes,4,5,4,30,8
M,17,LE3,A,1,1,no,no,no,no,yes,no,4,4,4,19,10
F,18,LE3,T,2,4,no,yes,yes,yes,no,no,5,2,2,1,12
F,18,GT3,T,2,2,yes,no,no,yes,yes,no,5,4,4,4,10
F,17,GT3,T,1,2,no,yes,no,no,yes,no,5,4,5,4,11
M,17,GT3,T,1,2,no,no,yes,no,yes,no,4,3,3,2,11
F,18,GT3,T,1,3,no,yes,yes,no,yes,no,4,3,3,5,19
F,17,GT3,T,1,3,no,yes,yes,no,yes,no,4,3,3,6,12
M,18,GT3,T,1,3,no,no,yes,yes,yes,no,4,2,4,6,14
M,18,LE3,A,1,2,no,yes,yes,yes,yes,no,5,4,3,9,15
M,18,GT3,T,1,2,no,yes,yes,yes,yes,yes,4,3,2,11,11
F,17,GT3,T,1,3,no,yes,yes,no,yes,no,4,2,2,0,15
F,18,LE3,T,1,2,no,no,no,no,yes,yes,5,4,3,12,13
F,17,LE3,T,2,4,no,yes,yes,no,no,no,3,1,2,6,18
M,18,LE3,T,2,3,no,yes,yes,yes,yes,no,5,4,2,8,14
M,17,GT3,T,1,1,no,yes,yes,no,yes,no,4,4,3,4,11
F,19,GT3,T,2,2,no,yes,yes,yes,yes,no,2,3,4,0,0
F,18,LE3,T,2,2,no,yes,yes,no,yes,yes,4,4,5,10,8
F,18,GT3,T,1,4,no,yes,yes,no,yes,no,4,3,3,0,14
M,18,LE3,T,1,1,no,yes,yes,no,yes,yes,1,4,2,5,16
F,18,LE3,A,1,2,no,yes,no,no,yes,yes,4,2,4,14,11
M,17,LE3,T,2,1,no,no,yes,no,yes,no,4,1,1,0,10
F,17,GT3,T,2,3,no,yes,yes,no,yes,no,4,3,3,0,14
F,17,GT3,T,1,4,no,yes,yes,yes,yes,no,5,2,2,0,18
M,19,GT3,T,1,2,no,yes,no,yes,yes,yes,4,4,4,20,13
F,18,GT3,T,1,2,no,yes,yes,yes,yes,no,4,4,3,8,12
M,20,GT3,A,1,1,no,no,no,yes,no,no,5,5,3,0,18
M,19,GT3,T,2,1,no,yes,yes,no,yes,yes,4,3,4,38,8
M,19,GT3,T,1,2,no,no,no,yes,no,yes,4,5,3,0,12
F,19,LE3,T,1,2,yes,yes,no,yes,yes,no,4,4,3,18,10
F,19,LE3,T,1,2,no,no,no,yes,no,yes,4,2,4,0,0
F,19,GT3,T,3,2,no,yes,no,no,yes,yes,3,4,1,20,13
M,19,GT3,T,1,2,no,no,no,no,yes,no,4,5,2,3,11
F,19,LE3,T,2,2,no,yes,yes,no,yes,yes,4,2,2,22,11
F,19,GT3,T,1,3,no,no,no,no,yes,yes,4,1,2,14,13
F,19,GT3,T,1,3,no,no,no,no,yes,yes,4,1,2,40,11
F,18,GT3,T,2,2,no,yes,yes,yes,yes,no,5,3,3,0,0
F,18,GT3,T,1,3,no,yes,yes,yes,yes,yes,4,3,4,9,9
F,17,GT3,T,1,3,no,yes,yes,yes,yes,no,4,3,4,0,10
F,18,GT3,T,1,2,no,yes,yes,no,yes,no,4,4,4,2,11
F,17,GT3,A,1,2,no,yes,yes,no,yes,yes,5,2,2,23,13
F,17,GT3,T,1,2,no,yes,no,no,no,yes,4,2,2,12,9
F,17,LE3,T,1,3,no,yes,yes,yes,yes,no,3,3,2,3,11
F,17,GT3,T,1,3,no,yes,no,no,yes,no,3,4,3,1,15
F,17,LE3,T,2,3,no,no,no,no,yes,no,3,3,3,0,15
M,18,GT3,T,1,3,no,no,no,yes,yes,no,4,3,3,3,11
M,17,GT3,T,1,1,no,no,no,yes,yes,no,4,3,5,3,16
M,17,GT3,T,4,1,no,yes,no,no,yes,no,4,4,5,8,10
F,17,GT3,T,1,3,no,yes,yes,yes,yes,no,5,4,4,7,9
F,17,GT3,T,2,3,no,yes,yes,no,yes,yes,4,3,3,4,14
M,18,LE3,T,1,4,no,yes,no,yes,yes,no,4,5,5,2,8
F,17,GT3,T,1,3,no,yes,no,no,yes,yes,4,4,3,7,14
F,18,GT3,T,1,2,no,no,no,yes,yes,no,5,3,4,0,0
F,18,LE3,T,1,2,no,no,no,yes,yes,yes,4,3,3,0,0
F,18,GT3,T,2,4,no,no,no,yes,no,no,4,4,4,0,0
F,17,GT3,T,1,3,no,no,no,no,yes,no,4,4,5,16,15
F,19,GT3,A,1,3,no,no,yes,no,no,no,5,4,3,12,13
F,17,GT3,T,1,2,no,yes,yes,no,yes,yes,4,3,2,0,0
F,18,LE3,T,1,4,no,yes,no,no,yes,no,5,3,3,7,17
F,17,GT3,A,1,2,no,yes,yes,no,yes,no,4,3,3,4,10
F,19,GT3,T,1,3,no,no,yes,yes,yes,yes,4,3,4,4,11
M,18,GT3,T,1,2,no,yes,no,yes,yes,no,4,3,3,0,0
M,18,LE3,T,1,2,no,no,no,yes,yes,yes,4,3,3,11,15
F,17,GT3,A,1,2,no,yes,no,no,yes,yes,3,3,1,0,0
F,18,GT3,T,1,3,no,yes,no,no,yes,no,4,3,3,4,10
F,18,GT3,T,1,3,no,no,no,no,yes,yes,5,4,3,7,14
M,18,GT3,T,1,3,no,no,no,no,yes,yes,5,3,2,9,16
M,18,GT3,T,1,3,no,yes,yes,no,yes,yes,5,4,5,0,9
F,17,GT3,T,1,3,no,yes,yes,yes,yes,yes,4,4,3,0,15
M,18,GT3,T,2,1,no,yes,no,no,yes,no,2,5,5,10,13
M,19,GT3,T,3,2,no,no,no,no,yes,no,5,4,4,8,8
M,17,GT3,T,2,2,no,yes,yes,no,yes,no,4,5,4,2,13
M,18,LE3,T,1,1,no,no,no,no,yes,yes,4,3,3,7,8
M,19,GT3,T,3,1,no,yes,no,no,yes,no,4,4,4,4,8
M,17,GT3,T,2,2,no,yes,yes,yes,yes,yes,4,5,5,4,11
F,18,GT3,T,1,2,no,yes,no,no,no,yes,5,3,4,0,9
F,17,GT3,T,2,2,no,yes,yes,yes,yes,no,4,3,3,4,13
F,17,LE3,A,2,2,no,no,no,no,no,yes,1,2,3,2,11
M,18,LE3,T,2,1,no,no,no,no,yes,yes,3,3,2,4,10
F,18,LE3,T,2,3,no,no,no,no,yes,no,5,3,2,0,16
F,18,LE3,A,3,2,no,no,no,no,no,yes,4,3,4,0,13
M,18,LE3,T,2,2,no,no,no,yes,no,no,4,4,3,2,12
F,18,GT3,T,2,2,no,yes,no,no,yes,yes,4,3,2,0,10
F,17,LE3,T,1,2,no,yes,yes,yes,yes,yes,2,3,4,0,15
F,17,GT3,T,2,2,no,no,no,no,no,no,3,2,2,0,12
M,18,GT3,T,2,2,no,yes,yes,no,no,no,3,3,4,4,10
M,18,LE3,T,2,3,no,no,yes,no,yes,yes,4,2,2,0,13
F,17,GT3,T,3,1,no,yes,yes,no,yes,yes,5,2,1,0,0
F,18,GT3,T,2,1,no,yes,yes,no,yes,yes,5,2,3,0,10
F,18,GT3,T,3,2,no,yes,yes,no,yes,yes,3,2,2,10,11
F,19,LE3,T,2,2,no,no,no,yes,no,yes,3,2,2,4,9
M,18,LE3,T,3,1,no,yes,yes,yes,yes,yes,4,3,3,3,12
F,17,GT3,T,1,3,no,no,no,yes,no,yes,3,4,3,8,11
F,17,GT3,T,1,1,no,no,no,yes,yes,no,3,5,5,14,5
F,18,LE3,T,2,3,no,no,no,no,yes,no,5,4,4,0,19
F,18,GT3,T,4,3,no,no,no,no,yes,no,4,3,2,2,10
F,20,GT3,T,2,3,no,yes,yes,no,yes,yes,5,4,3,4,15
F,18,LE3,T,1,2,no,no,yes,yes,yes,no,5,4,3,4,10
F,18,GT3,T,1,2,no,no,yes,no,yes,yes,4,1,3,0,15
F,17,GT3,T,1,2,no,yes,yes,yes,yes,no,4,5,4,17,10
M,18,GT3,T,1,2,no,no,yes,yes,yes,no,3,2,4,4,14
M,18,GT3,T,2,1,no,no,no,yes,yes,yes,4,4,3,5,7
M,17,GT3,T,2,2,no,no,no,yes,yes,no,4,4,3,2,10
M,19,GT3,T,2,1,no,no,no,no,no,no,4,3,2,0,0
M,18,GT3,T,2,1,no,no,yes,no,no,no,5,4,3,14,5
F,18,GT3,T,2,3,no,no,yes,no,no,no,5,3,3,2,10
F,18,GT3,T,3,1,no,yes,yes,yes,yes,yes,4,4,3,7,6
F,19,GT3,T,1,3,no,no,no,yes,yes,no,5,4,2,0,0
F,18,LE3,T,1,2,no,yes,yes,no,yes,no,4,3,4,0,8
F,18,GT3,T,2,2,no,no,no,yes,no,no,1,1,1,0,0
M,20,LE3,A,1,2,no,yes,yes,no,no,no,5,5,4,11,9
M,17,LE3,T,2,1,no,no,no,no,yes,no,2,4,5,3,16
M,21,GT3,T,1,1,no,no,no,no,no,no,5,5,3,3,7
M,18,LE3,T,3,1,no,no,no,no,yes,no,4,4,1,0,10
M,19,LE3,T,1,1,no,no,no,no,yes,no,3,2,3,5,9
F,18,GT3,A,2,2,yes,no,no,no,no,no,4,3,4,4,11
F,17,GT3,T,1,2,no,yes,no,no,yes,no,5,3,3,2,11
F,15,LE3,T,1,2,yes,no,no,no,yes,no,4,3,2,6,12
F,15,GT3,T,1,3,no,yes,no,yes,yes,yes,3,2,2,0,14
F,16,GT3,T,1,2,no,yes,no,no,no,no,4,3,2,0,13
M,16,LE3,T,1,2,no,yes,no,yes,yes,no,5,4,2,6,13
M,16,LE3,T,1,2,no,no,no,no,yes,no,4,4,4,0,13
F,17,GT3,A,2,2,yes,yes,no,no,no,no,4,1,4,2,13
M,15,LE3,A,1,2,no,yes,no,no,yes,no,4,2,2,0,17
M,15,GT3,T,1,2,no,yes,no,yes,yes,no,5,5,1,0,13
F,15,GT3,T,1,2,no,yes,no,no,yes,no,3,3,3,2,14
F,15,GT3,T,3,3,no,yes,no,yes,yes,no,5,2,2,0,13
M,15,LE3,T,1,1,no,yes,no,yes,yes,no,4,3,3,0,12
M,15,GT3,T,2,2,no,yes,no,no,yes,no,5,4,3,0,13
M,15,GT3,A,1,3,no,yes,no,no,yes,yes,4,5,2,0,15
F,16,GT3,T,1,1,no,yes,no,no,yes,no,4,4,4,6,17
F,16,GT3,T,1,3,no,yes,no,yes,yes,no,3,2,3,10,14
F,16,GT3,T,3,2,yes,yes,no,yes,no,no,5,3,2,2,14
M,17,GT3,T,1,1,no,yes,yes,yes,yes,no,5,5,5,2,7
M,16,LE3,T,1,1,no,no,no,yes,yes,no,3,1,3,6,12
M,15,GT3,T,1,2,no,no,no,no,yes,no,4,4,1,0,14
M,15,GT3,T,1,1,no,yes,yes,no,yes,no,5,4,2,0,12
M,16,LE3,T,1,2,no,no,no,yes,yes,no,4,5,1,0,14
M,16,LE3,T,2,2,no,yes,no,yes,yes,no,5,4,4,2,10
F,15,GT3,T,1,3,yes,yes,no,yes,yes,no,4,3,2,2,10
F,16,GT3,T,1,1,no,yes,no,no,yes,no,1,2,2,6,12
M,15,GT3,T,1,1,no,yes,no,no,yes,no,4,2,2,8,12
M,15,GT3,T,1,1,no,no,no,no,yes,no,2,2,4,0,11
M,16,LE3,A,1,2,yes,yes,yes,yes,yes,no,5,3,3,2,13
M,16,GT3,T,1,2,no,yes,yes,yes,yes,yes,4,4,5,4,12
M,15,GT3,T,1,2,no,yes,yes,no,yes,no,5,4,2,0,11
M,15,GT3,T,2,2,no,yes,no,yes,yes,no,4,3,1,2,15
M,15,GT3,T,1,2,no,yes,no,yes,yes,yes,4,5,2,0,15
M,15,LE3,T,1,2,no,no,no,yes,yes,no,5,3,2,0,12
M,16,GT3,T,1,1,no,yes,no,no,yes,no,5,4,3,4,12
F,15,GT3,T,2,1,no,yes,no,yes,no,no,3,5,1,4,11
M,15,LE3,T,1,3,no,yes,no,yes,yes,no,5,4,3,0,14
M,16,GT3,A,2,3,no,yes,no,yes,yes,yes,2,4,3,4,13
F,15,GT3,T,1,3,yes,yes,no,yes,yes,no,4,3,2,2,12
F,15,GT3,T,1,1,yes,yes,no,yes,no,no,4,3,1,8,12
F,16,LE3,T,2,2,no,yes,no,yes,yes,yes,3,3,3,16,10
M,15,LE3,T,1,1,no,yes,no,no,yes,yes,5,4,3,8,11
M,15,GT3,T,1,2,no,yes,no,yes,yes,no,4,3,3,0,15
M,15,GT3,T,1,1,yes,yes,no,no,yes,no,5,4,1,0,10
F,16,LE3,T,2,2,yes,no,no,yes,yes,no,4,3,3,14,11
F,15,LE3,A,1,2,yes,yes,yes,yes,yes,yes,5,2,2,4,11
F,16,LE3,A,1,2,no,yes,no,no,yes,no,2,3,5,6,13
M,16,GT3,T,1,4,no,no,no,yes,yes,no,4,2,2,2,17
M,15,GT3,T,1,2,no,yes,no,no,no,no,4,3,3,4,13
F,15,GT3,T,1,2,yes,yes,no,yes,yes,no,4,4,4,2,12
F,16,LE3,T,3,2,no,yes,no,no,yes,no,4,3,3,0,13
F,15,LE3,T,1,2,no,yes,no,no,yes,no,4,3,3,0,16
M,15,LE3,A,2,1,no,no,no,no,no,no,5,5,5,4,9
F,15,GT3,T,1,1,yes,yes,no,no,yes,no,3,3,4,0,12
F,15,LE3,A,1,1,no,no,no,no,yes,no,5,3,4,0,13
F,16,GT3,A,1,2,no,no,no,yes,yes,yes,5,3,4,2,12
F,15,GT3,A,1,2,no,yes,no,yes,yes,no,4,3,2,0,15
M,15,GT3,T,1,2,no,yes,no,yes,no,no,3,2,2,8,16
M,15,LE3,T,1,2,yes,yes,no,yes,yes,no,4,3,2,0,14
F,16,GT3,T,1,2,no,yes,yes,no,yes,no,4,2,3,2,16
F,16,GT3,T,1,2,no,yes,no,yes,no,no,2,4,4,0,16
F,16,GT3,T,4,1,yes,yes,no,yes,yes,yes,5,5,5,0,16
F,16,LE3,T,1,2,yes,no,no,yes,yes,no,4,4,3,0,10
F,16,GT3,T,1,3,yes,yes,no,yes,yes,no,3,4,4,0,13
F,15,LE3,T,1,2,yes,no,no,yes,yes,yes,4,4,4,0,12
F,16,LE3,T,3,2,no,yes,no,yes,yes,no,5,4,3,2,16
M,15,GT3,A,1,4,no,yes,no,yes,yes,yes,1,3,3,0,12
F,16,GT3,T,1,4,yes,yes,no,no,yes,no,4,3,3,0,10
F,15,LE3,T,2,2,yes,yes,no,no,yes,no,4,1,3,0,11
F,15,LE3,T,2,4,no,yes,no,no,yes,no,4,4,2,6,15
M,16,GT3,T,2,4,no,yes,no,no,yes,no,4,3,2,2,11
M,15,GT3,T,1,4,no,no,no,no,yes,no,3,3,3,0,10
F,15,GT3,T,1,2,yes,yes,no,no,yes,yes,3,3,4,2,11
M,16,GT3,T,1,1,no,no,no,yes,no,no,5,3,2,0,14
F,16,GT3,T,1,2,yes,yes,no,yes,yes,no,4,3,3,4,11
M,15,GT3,T,1,2,no,yes,no,yes,yes,no,4,3,3,0,11
M,15,GT3,T,2,4,no,no,no,yes,yes,no,3,4,3,0,11
F,16,GT3,T,1,4,no,no,no,no,yes,yes,5,2,3,1,13
M,17,GT3,T,2,1,yes,yes,no,yes,yes,no,4,5,1,0,10
F,16,GT3,T,1,2,no,yes,no,no,yes,no,2,4,3,14,11
M,15,GT3,T,1,1,yes,yes,no,yes,yes,yes,3,2,2,0,12
M,15,GT3,T,1,3,yes,no,no,no,yes,no,5,3,2,2,9
F,15,LE3,T,1,2,no,yes,no,no,yes,no,4,4,4,4,11
M,15,LE3,T,2,2,no,no,yes,yes,yes,no,5,3,3,2,13
F,15,GT3,T,1,2,no,yes,no,yes,yes,no,4,3,2,2,12
F,15,GT3,T,2,2,no,no,no,no,yes,yes,4,4,4,4,12
F,16,LE3,T,1,2,no,yes,no,no,no,no,4,3,4,6,11
F,15,GT3,T,1,3,no,yes,no,yes,yes,no,5,3,3,4,15
M,16,GT3,T,2,2,no,no,no,yes,yes,no,4,4,2,6,11
M,16,LE3,A,1,2,no,yes,no,no,no,no,4,1,3,6,10
F,16,GT3,T,1,3,no,yes,no,no,yes,yes,4,3,3,2,11
F,15,GT3,T,1,1,no,no,no,yes,yes,no,4,5,5,6,13
F,16,LE3,T,1,2,yes,yes,no,no,no,no,3,3,3,0,12
F,16,GT3,T,2,2,no,yes,no,yes,yes,no,5,3,3,2,14
M,15,LE3,T,1,4,no,yes,no,yes,yes,no,4,3,4,2,12
F,15,GT3,T,2,4,yes,yes,yes,yes,yes,no,3,1,2,4,13
M,16,GT3,T,2,1,yes,yes,yes,yes,yes,no,3,3,3,6,11
F,16,GT3,T,1,2,no,yes,no,no,no,yes,4,3,5,0,12
F,16,GT3,T,1,1,no,no,no,yes,yes,no,5,3,4,4,13
F,16,GT3,T,1,3,yes,yes,no,no,yes,no,5,3,5,2,13
M,16,GT3,T,1,1,yes,yes,no,yes,yes,no,4,5,5,12,8
M,16,GT3,T,1,3,no,yes,no,yes,yes,yes,4,4,3,0,16
M,15,GT3,T,1,1,no,yes,yes,yes,yes,no,5,3,3,2,12
F,15,GT3,T,2,2,yes,yes,no,no,yes,no,4,3,5,16,10
M,15,GT3,A,1,2,no,yes,no,yes,yes,no,5,4,4,0,16
F,15,GT3,A,1,4,yes,no,no,no,no,no,4,3,3,10,10
F,15,GT3,T,1,4,yes,yes,no,no,yes,no,5,1,2,4,10
M,16,GT3,T,1,3,no,yes,no,yes,yes,no,5,3,3,4,14
M,15,GT3,T,4,4,no,yes,no,yes,yes,yes,1,3,5,8,11
F,16,LE3,T,1,3,no,yes,no,yes,yes,yes,5,4,5,2,14
M,15,LE3,A,1,1,no,no,no,yes,yes,no,5,5,3,4,14
F,16,GT3,T,1,3,yes,yes,no,yes,yes,no,4,1,2,4,11
F,16,GT3,T,1,2,yes,no,no,yes,yes,no,3,1,2,12,10
M,15,LE3,T,1,1,no,no,no,no,yes,no,3,5,2,10,18
M,15,GT3,T,1,2,no,no,no,yes,yes,yes,5,4,2,4,10
M,16,GT3,T,1,2,no,yes,no,yes,yes,no,5,4,4,6,14
M,15,GT3,T,2,2,no,yes,no,yes,no,no,4,4,3,4,16
M,16,GT3,T,2,1,no,no,no,yes,yes,no,5,4,2,6,15
M,17,GT3,T,3,2,no,yes,no,yes,yes,no,5,2,4,14,11
M,15,GT3,T,1,1,no,no,no,no,yes,no,3,4,3,2,14
F,15,GT3,T,1,2,no,no,no,no,yes,no,3,2,3,0,14
M,15,GT3,T,1,4,no,yes,no,yes,yes,no,5,5,4,6,13
F,16,LE3,T,2,2,no,yes,no,yes,yes,yes,4,2,2,2,13
M,16,GT3,T,1,1,no,yes,no,yes,yes,no,3,4,4,4,13
F,16,GT3,T,1,2,no,no,no,no,yes,yes,5,4,4,0,11
M,15,GT3,T,1,1,yes,no,no,no,yes,no,5,5,5,2,9
F,15,LE3,A,1,2,yes,no,no,yes,yes,yes,5,3,2,0,11
F,19,GT3,T,1,2,no,yes,no,no,no,no,3,4,2,0,11
M,16,GT3,T,1,1,no,no,no,yes,yes,no,3,5,5,8,15
M,16,GT3,T,2,3,no,yes,no,no,yes,yes,3,2,3,4,13
F,15,GT3,T,2,3,no,yes,no,no,yes,yes,4,2,2,0,12
F,18,GT3,T,1,2,no,yes,no,yes,yes,yes,5,4,5,10,8
F,17,LE3,A,3,1,no,yes,no,no,yes,no,3,2,2,8,11
F,15,GT3,T,3,1,no,yes,no,yes,yes,yes,4,3,3,6,13
F,17,LE3,T,1,1,no,yes,no,no,yes,yes,3,4,4,2,12
F,16,GT3,A,1,1,no,no,no,no,yes,no,3,2,1,12,14
M,16,GT3,T,4,1,no,no,no,no,no,no,3,2,1,4,11
F,16,GT3,A,1,1,no,no,no,no,no,no,5,3,4,12,11
M,15,GT3,T,4,2,no,yes,no,no,no,yes,5,3,3,2,11
F,15,GT3,T,1,3,no,yes,no,yes,yes,yes,4,3,3,4,15
M,17,GT3,T,3,2,no,no,no,no,no,no,5,4,5,2,10
F,16,GT3,T,4,2,no,yes,no,no,no,no,5,1,3,0,13
M,18,LE3,T,2,1,no,no,no,yes,yes,yes,3,3,4,2,12
F,18,GT3,A,1,3,no,yes,no,yes,yes,yes,4,3,3,10,11
F,16,GT3,T,2,1,no,yes,no,yes,no,yes,3,3,3,8,11
F,16,GT3,A,2,1,no,yes,no,yes,yes,yes,4,3,2,4,10
M,16,LE3,T,1,2,no,no,no,no,no,yes,4,4,4,0,10
F,15,GT3,T,2,1,no,no,no,yes,yes,no,4,3,2,6,14
F,15,GT3,T,3,1,no,no,no,yes,yes,yes,5,5,5,2,9
M,15,GT3,T,2,4,yes,yes,no,no,yes,no,2,2,2,6,11
F,15,GT3,A,1,2,no,no,no,no,no,yes,1,3,2,24,9
M,16,GT3,T,1,3,no,yes,no,yes,yes,no,5,3,3,0,13
M,16,LE3,T,2,1,no,yes,no,yes,yes,no,2,3,3,4,11
F,15,GT3,T,1,3,no,yes,no,yes,yes,no,4,2,2,2,13
F,16,LE3,T,1,1,no,no,no,no,yes,no,3,4,4,4,11
M,17,GT3,T,1,1,no,yes,no,no,yes,no,5,4,5,22,6
F,15,GT3,T,1,2,no,yes,no,no,yes,no,4,4,2,0,12
F,15,LE3,A,2,1,no,yes,no,yes,yes,yes,4,4,2,0,10
F,15,GT3,T,1,2,no,yes,no,no,yes,no,3,3,2,2,11
F,15,GT3,T,1,2,no,yes,no,no,yes,no,4,3,2,6,13
F,15,GT3,T,1,2,no,no,no,no,no,yes,2,3,4,6,11
M,16,GT3,T,1,1,no,yes,no,no,yes,yes,3,3,2,16,8
M,15,LE3,A,4,1,no,no,no,no,yes,no,4,5,5,0,11
M,18,LE3,T,1,1,no,no,no,no,yes,yes,2,3,5,0,0
M,16,LE3,T,1,1,no,no,no,yes,no,yes,4,4,4,6,10
F,15,GT3,T,2,3,no,yes,yes,yes,yes,yes,4,2,1,2,13
M,19,GT3,T,1,1,no,yes,no,no,yes,yes,4,5,4,6,11
F,17,GT3,T,1,1,yes,yes,no,no,no,yes,4,2,1,0,13
M,15,GT3,T,1,2,yes,no,yes,yes,no,no,4,4,4,0,8
M,17,LE3,T,1,1,no,no,no,no,no,no,2,2,2,14,10
F,18,GT3,T,3,1,no,yes,no,yes,no,no,5,2,5,6,11
M,16,GT3,T,3,1,no,no,no,no,no,no,4,2,2,4,11
M,16,GT3,T,1,2,no,yes,no,no,yes,yes,4,5,5,0,1
M,16,LE3,T,2,1,no,no,no,no,yes,no,4,4,5,0,10
M,17,LE3,T,2,1,no,no,yes,yes,yes,yes,3,3,2,8,9
M,17,GT3,T,2,2,yes,yes,no,no,yes,yes,4,4,4,4,8
M,15,LE3,T,2,1,no,no,no,yes,no,no,4,4,4,2,10
M,16,GT3,T,1,1,no,no,no,no,yes,no,5,3,3,2,8
M,17,LE3,T,4,2,no,no,no,yes,no,yes,5,3,5,0,8
M,17,GT3,T,2,1,no,yes,no,yes,no,no,4,5,2,10,8
M,16,GT3,T,1,2,no,no,no,no,yes,no,4,3,5,0,11
F,16,GT3,T,1,2,no,no,no,no,yes,yes,4,2,3,0,18
F,16,GT3,T,1,2,no,yes,no,no,yes,no,5,1,5,0,13
F,16,GT3,T,1,2,no,yes,no,no,yes,yes,4,4,2,0,17
M,16,GT3,T,3,1,no,yes,no,yes,yes,no,3,4,5,4,10
M,16,GT3,T,2,2,no,yes,no,yes,yes,yes,4,3,2,0,18
M,17,LE3,T,1,2,no,yes,no,yes,yes,no,4,4,4,0,10
F,16,GT3,T,1,2,no,no,no,yes,yes,yes,4,3,5,0,13
F,16,LE3,T,2,2,no,yes,no,yes,yes,no,4,4,5,0,15
M,17,LE3,T,2,2,no,no,no,yes,yes,no,4,4,4,0,11
F,16,GT3,T,2,2,no,no,no,yes,yes,no,3,4,4,0,14
M,17,GT3,T,1,2,no,no,no,yes,yes,no,4,3,4,4,10
M,16,GT3,T,1,1,no,yes,no,yes,yes,yes,4,3,3,8,11
M,17,GT3,T,1,2,no,yes,yes,yes,yes,yes,5,2,3,4,13
M,16,GT3,T,1,2,no,yes,yes,yes,yes,no,3,4,3,4,11
M,16,GT3,T,1,2,no,no,no,yes,yes,yes,4,2,3,0,13
F,17,GT3,T,1,2,no,yes,no,yes,no,no,5,4,2,0,17
F,17,LE3,T,1,2,no,yes,no,yes,yes,yes,5,3,3,32,14
F,16,GT3,T,1,2,no,yes,no,no,yes,no,1,2,2,8,16
M,17,GT3,T,1,2,no,yes,no,yes,yes,yes,4,3,4,6,14
M,16,GT3,T,1,1,no,yes,no,yes,yes,yes,3,3,3,0,11
M,16,LE3,T,1,2,no,no,no,yes,yes,yes,4,2,3,0,16
F,17,GT3,A,1,2,no,yes,no,no,yes,yes,3,3,3,10,14
M,17,GT3,T,1,2,no,no,no,no,no,no,3,1,3,6,10
F,16,GT3,T,1,2,no,no,no,no,yes,no,4,3,3,6,13
F,17,GT3,T,1,2,no,no,no,yes,yes,no,5,3,3,0,12
M,17,GT3,T,2,2,no,no,no,yes,yes,no,4,4,4,16,12
M,16,GT3,T,1,1,no,yes,no,yes,yes,no,4,3,2,0,10
M,16,GT3,T,2,1,no,no,no,no,yes,no,5,3,3,0,12
F,17,LE3,T,1,2,no,no,no,yes,yes,yes,4,3,2,8,16
M,17,GT3,T,1,1,no,no,no,no,yes,no,5,2,3,4,14
M,16,LE3,T,3,1,no,yes,no,yes,yes,no,3,3,4,16,12
F,17,GT3,T,2,1,no,yes,no,no,yes,no,4,2,4,30,16
F,16,LE3,T,1,2,no,yes,no,no,yes,no,4,5,2,0,11
F,16,GT3,T,1,2,no,yes,no,yes,yes,no,4,3,5,2,15
F,16,GT3,T,1,2,yes,yes,no,yes,no,no,4,4,3,4,12
F,17,GT3,T,1,2,no,yes,no,no,no,no,4,4,4,0,15
F,17,GT3,T,1,1,no,yes,no,no,yes,no,5,3,2,21,13
F,16,GT3,T,2,4,no,yes,no,yes,yes,no,5,3,5,6,13
F,17,GT3,T,1,3,no,yes,yes,no,yes,yes,4,4,3,14,8
F,16,GT3,A,1,2,no,yes,no,no,yes,no,2,3,3,2,12
F,16,GT3,T,1,2,no,no,no,yes,yes,yes,1,3,2,4,15
F,16,GT3,T,2,1,no,yes,no,no,no,no,4,3,2,2,13
F,17,GT3,T,2,3,no,yes,no,yes,yes,yes,4,4,2,0,12
F,19,GT3,T,1,4,no,yes,no,yes,yes,no,4,3,3,4,12
M,17,LE3,T,1,2,no,yes,no,no,yes,yes,5,3,5,15,12
F,16,GT3,A,1,2,yes,yes,no,no,yes,no,3,3,4,0,13
M,18,GT3,T,1,2,no,yes,no,yes,yes,no,4,4,4,10,11
F,17,LE3,T,1,1,no,yes,no,no,no,no,5,2,1,6,11
F,17,LE3,T,2,2,no,no,no,no,yes,no,4,4,4,2,15
F,17,GT3,T,1,2,no,no,no,no,yes,yes,3,4,5,16,10
M,18,LE3,T,1,2,no,yes,no,no,yes,no,3,2,4,10,10
F,17,GT3,T,2,1,no,yes,no,no,no,no,3,3,3,4,13
F,17,GT3,T,1,3,no,yes,no,yes,yes,no,4,3,3,0,13
F,17,GT3,T,2,2,no,yes,no,yes,yes,no,4,2,5,0,11
F,17,GT3,T,1,3,no,yes,no,yes,no,yes,4,3,4,12,12
F,16,GT3,T,1,2,yes,no,no,no,yes,no,2,3,1,0,14
M,18,GT3,T,2,2,no,yes,yes,no,yes,no,3,3,3,9,10
F,16,GT3,T,1,3,no,yes,no,yes,yes,no,5,3,2,4,16
F,18,GT3,T,1,2,no,no,no,yes,yes,yes,5,3,3,4,8
F,17,GT3,T,1,2,no,no,no,yes,yes,no,5,3,4,2,17
M,17,LE3,T,1,2,no,yes,no,no,yes,no,5,3,3,0,11
M,18,LE3,T,4,2,yes,yes,no,yes,yes,yes,4,3,2,2,11
F,17,GT3,A,2,3,no,no,no,yes,yes,yes,3,2,3,0,16
F,17,LE3,T,1,2,no,no,no,yes,yes,yes,3,2,3,0,12
M,17,GT3,T,2,2,no,yes,no,yes,yes,no,4,5,2,0,13
M,17,GT3,T,1,2,yes,yes,no,yes,yes,yes,4,5,5,0,13
M,16,GT3,T,1,2,no,yes,no,yes,yes,no,4,2,4,0,14
M,16,LE3,T,2,2,no,yes,no,no,yes,no,3,4,2,2,9
M,16,GT3,T,2,3,no,no,no,yes,yes,yes,5,3,3,0,12
M,17,LE3,T,1,2,no,no,no,yes,yes,yes,4,4,2,0,16
F,16,GT3,T,1,1,no,no,no,no,yes,yes,4,5,2,4,10
F,16,GT3,A,1,2,no,no,no,yes,yes,yes,5,3,3,0,13
F,18,LE3,A,2,2,no,yes,no,no,yes,no,4,3,3,18,10
F,18,LE3,T,1,2,no,yes,no,no,yes,yes,5,3,1,16,10
F,18,GT3,T,2,1,no,no,no,no,yes,no,4,1,1,14,7
M,18,GT3,T,1,1,no,yes,no,yes,yes,yes,4,4,3,26,8
M,17,GT3,T,1,1,no,yes,no,yes,yes,no,4,2,1,6,9
F,17,GT3,T,1,2,no,no,no,yes,no,no,5,4,2,4,15
F,17,LE3,T,1,3,no,yes,no,yes,yes,yes,4,3,2,10,10
F,16,GT3,T,1,1,no,no,no,no,yes,no,5,3,5,4,11
F,17,GT3,T,3,2,no,no,no,yes,no,no,2,1,1,2,13
F,17,LE3,A,4,1,no,yes,no,no,yes,no,5,5,4,14,8
M,18,GT3,T,1,2,no,no,no,no,yes,no,5,5,4,16,8
F,17,LE3,A,1,1,no,yes,no,no,yes,no,3,1,2,8,10
F,17,LE3,T,2,3,no,no,no,yes,yes,no,4,3,3,4,15
F,17,LE3,A,1,2,no,yes,no,yes,no,no,4,3,2,4,14
M,17,LE3,T,2,2,no,no,no,yes,yes,yes,2,5,5,8,15
M,17,LE3,A,2,2,no,yes,no,no,yes,no,3,3,3,0,12
M,16,LE3,T,1,1,no,no,no,yes,yes,no,5,4,5,7,15
M,16,GT3,T,1,1,no,no,yes,yes,yes,no,5,3,2,4,15
F,17,GT3,T,1,2,no,yes,yes,no,yes,yes,5,3,1,2,12
M,17,GT3,T,2,3,no,no,no,no,yes,yes,4,3,3,2,15
F,17,GT3,T,2,3,no,yes,no,no,yes,yes,4,2,2,10,11
F,17,GT3,T,1,2,yes,no,no,no,no,yes,4,3,2,10,10
F,18,GT3,T,2,3,no,yes,no,no,yes,yes,4,4,4,10,11
M,16,GT3,T,3,1,no,no,no,no,yes,no,4,3,3,7,16
F,17,GT3,T,1,2,no,yes,no,no,no,no,4,3,4,4,11
M,17,GT3,T,2,1,no,no,no,no,yes,no,5,2,2,2,13
M,22,GT3,T,1,1,no,no,no,no,yes,yes,5,4,5,12,5
M,18,LE3,T,1,2,no,yes,no,no,yes,yes,4,3,3,8,10
M,16,GT3,T,1,1,no,no,no,no,yes,no,4,3,2,0,11
M,18,GT3,T,2,1,no,no,no,no,yes,no,4,4,5,8,7
M,16,GT3,T,3,2,yes,yes,no,no,yes,no,5,3,3,4,10
M,18,GT3,T,1,1,no,no,no,no,yes,no,3,2,5,4,6
M,16,GT3,T,2,1,no,no,no,yes,no,no,3,3,2,2,12
M,17,GT3,T,1,1,no,no,no,no,yes,no,4,4,2,0,13
M,17,LE3,T,2,1,no,yes,no,yes,yes,no,4,4,4,0,10
F,18,LE3,A,1,2,no,yes,no,no,yes,yes,4,3,4,2,13
F,17,LE3,T,1,4,no,yes,no,yes,yes,no,4,2,3,2,17
F,19,GT3,T,1,2,no,yes,no,no,yes,no,4,3,3,0,11
M,18,LE3,T,3,2,no,no,no,yes,yes,no,4,4,5,4,11
F,17,GT3,T,1,3,no,yes,no,yes,yes,no,4,3,4,2,14
F,18,LE3,T,1,3,no,yes,no,no,no,no,4,4,3,4,14
F,18,GT3,T,1,2,yes,no,no,no,no,no,3,2,3,4,13
M,19,LE3,A,1,2,no,yes,no,no,yes,no,4,3,1,4,14
M,18,GT3,T,1,2,no,no,no,yes,yes,no,5,2,4,2,16
M,17,GT3,T,2,1,no,no,no,no,no,no,5,2,2,0,10
F,17,LE3,T,1,4,no,no,no,yes,yes,yes,3,4,1,2,12
F,20,GT3,T,2,2,no,yes,yes,yes,yes,yes,1,2,3,8,12
F,18,GT3,T,1,2,no,yes,no,no,yes,yes,3,1,2,2,15
M,18,GT3,T,1,2,no,yes,no,no,yes,no,4,3,2,2,11
M,18,GT3,T,1,3,no,no,no,yes,no,no,5,3,2,2,12
F,17,GT3,T,1,3,no,no,no,yes,no,no,3,2,3,2,13
F,18,GT3,T,1,3,no,yes,no,yes,yes,yes,4,3,3,0,13
M,17,GT3,T,2,1,no,no,no,no,yes,no,4,4,4,8,9
M,18,LE3,A,2,2,no,yes,no,yes,yes,no,4,2,5,6,16
M,17,GT3,T,1,2,no,no,no,yes,yes,yes,5,4,4,0,14
F,18,GT3,T,2,2,no,no,no,yes,yes,no,4,3,4,8,12
M,18,GT3,T,1,2,no,yes,no,yes,yes,yes,5,4,5,4,14
F,18,GT3,T,2,2,no,yes,no,no,yes,yes,4,3,5,12,10
F,19,GT3,T,1,2,no,yes,no,yes,yes,no,4,3,5,16,12
F,18,GT3,T,1,4,no,yes,no,yes,yes,yes,4,5,5,10,16
F,18,LE3,T,2,2,no,yes,no,no,no,no,4,4,3,2,13
M,17,GT3,T,1,2,no,yes,no,yes,no,yes,3,5,2,2,18
F,18,GT3,T,1,2,no,yes,no,no,yes,yes,4,2,5,8,15
F,17,GT3,T,2,2,no,yes,no,no,yes,yes,4,3,3,6,16
F,17,LE3,T,2,2,yes,yes,no,no,yes,yes,4,4,4,6,12
F,18,GT3,A,2,2,no,no,no,no,yes,yes,4,1,1,15,10
M,18,GT3,T,2,1,no,no,no,yes,yes,no,3,2,4,6,12
F,18,GT3,T,1,2,yes,yes,no,yes,yes,yes,2,4,4,2,13
F,17,GT3,T,3,3,no,yes,no,no,yes,yes,4,2,3,8,15
F,19,GT3,T,1,2,yes,yes,no,no,yes,no,3,3,3,0,10
M,18,LE3,T,2,1,no,no,no,yes,yes,no,4,2,3,0,10
M,18,GT3,T,2,1,no,no,no,no,yes,no,3,4,4,10,11
M,17,LE3,A,2,1,no,no,no,yes,yes,yes,4,5,4,22,10
M,17,LE3,A,1,1,no,no,no,no,yes,no,4,4,4,18,13
F,18,LE3,T,2,4,no,yes,no,yes,no,no,5,2,2,2,18
F,18,GT3,T,2,2,yes,no,no,yes,yes,no,5,4,4,0,13
F,17,GT3,T,1,2,no,yes,no,no,yes,no,5,4,5,12,14
F,18,GT3,T,2,2,no,no,no,yes,yes,yes,4,3,1,10,14
M,17,GT3,T,1,2,no,no,no,no,yes,no,4,3,3,0,12
F,18,GT3,T,1,3,no,yes,no,no,yes,no,4,3,3,0,18
F,17,GT3,T,1,3,no,yes,no,no,yes,no,4,3,3,0,14
M,18,GT3,T,1,3,no,no,no,yes,yes,no,4,2,4,0,15
M,18,LE3,A,1,2,no,yes,no,yes,yes,no,5,4,3,0,17
M,18,GT3,T,1,2,no,yes,no,yes,yes,yes,4,3,2,2,16
F,17,GT3,T,1,3,no,yes,no,no,yes,no,4,2,2,0,18
F,17,LE3,T,2,4,no,yes,no,no,no,no,3,1,2,0,19
M,18,LE3,T,2,3,no,yes,no,yes,yes,no,5,4,2,0,15
M,17,GT3,T,1,1,no,yes,no,no,yes,no,4,4,3,0,15
F,19,GT3,T,2,2,no,yes,no,yes,yes,no,2,3,4,2,13
F,18,LE3,T,2,2,no,yes,no,no,yes,yes,4,4,5,0,14
F,18,GT3,T,1,4,no,yes,no,no,yes,no,4,3,3,0,17
M,18,LE3,T,1,1,no,yes,no,no,yes,yes,1,4,2,0,17
F,18,LE3,A,1,2,no,yes,yes,no,yes,yes,4,2,4,0,15
M,17,LE3,T,2,1,no,no,no,no,yes,no,4,1,1,0,13
F,17,GT3,T,2,3,no,yes,no,yes,yes,no,5,3,4,0,8
F,17,GT3,T,2,3,no,yes,no,no,yes,no,4,3,3,0,16
F,17,GT3,T,1,4,no,yes,no,yes,yes,no,5,2,2,0,18
M,19,LE3,T,2,3,no,no,no,yes,yes,yes,4,3,1,0,11
M,20,GT3,A,1,1,no,no,no,yes,no,no,5,5,3,0,15
M,19,GT3,T,1,2,no,no,no,yes,no,yes,4,5,3,0,11
F,18,GT3,T,1,2,yes,yes,no,no,no,yes,3,4,4,2,11
F,18,GT3,T,2,2,no,yes,no,yes,yes,no,5,3,3,2,15
F,17,GT3,T,2,2,no,no,no,yes,yes,yes,4,2,1,2,14
F,17,GT3,T,1,1,no,no,no,yes,yes,no,4,4,4,2,17
F,18,GT3,T,1,3,no,yes,no,yes,yes,yes,4,3,4,2,17
F,18,LE3,T,2,1,no,yes,no,no,yes,no,3,2,4,8,15
F,17,GT3,T,1,3,no,yes,no,yes,yes,no,4,3,4,2,17
F,18,GT3,T,1,2,no,yes,no,no,yes,no,4,1,4,8,14
M,19,GT3,T,2,2,no,yes,no,yes,yes,yes,5,4,4,9,10
F,18,GT3,T,1,2,no,yes,no,no,yes,no,4,4,4,0,13
F,18,GT3,T,1,1,no,yes,no,yes,yes,yes,5,4,4,4,14
F,17,GT3,T,1,1,no,no,no,yes,yes,no,5,3,4,2,17
F,17,GT3,A,1,2,no,yes,no,no,yes,yes,5,2,2,14,17
F,17,LE3,A,1,2,yes,yes,no,no,yes,no,5,3,3,0,13
F,17,LE3,T,1,2,no,no,no,yes,yes,no,4,2,3,2,14
M,18,LE3,T,1,1,no,yes,no,no,yes,no,4,2,5,2,11
F,19,GT3,T,3,3,no,no,no,yes,no,yes,1,5,5,12,11
F,19,LE3,A,3,2,no,yes,no,no,yes,yes,5,3,4,2,9
F,18,GT3,T,1,1,no,yes,no,yes,yes,yes,4,3,5,2,10
F,17,GT3,T,1,2,no,yes,no,no,no,yes,4,2,2,4,13
F,17,LE3,T,1,3,no,yes,no,yes,yes,no,3,3,2,0,10
F,17,GT3,T,1,3,no,yes,no,no,yes,no,3,4,3,0,17
F,17,LE3,T,2,3,no,no,no,no,yes,no,3,3,3,0,15
F,18,GT3,T,2,3,no,no,no,yes,yes,no,4,5,5,0,14
M,18,GT3,T,1,3,no,no,no,yes,yes,no,4,3,3,0,13
M,17,GT3,T,1,1,no,no,no,yes,yes,no,4,3,5,0,17
M,17,GT3,T,4,1,no,yes,no,no,yes,no,4,4,5,2,10
F,17,GT3,T,1,3,no,yes,no,yes,yes,no,5,4,4,0,13
F,17,GT3,T,2,3,no,yes,no,no,yes,yes,4,3,3,4,15
F,17,GT3,T,1,1,no,yes,yes,yes,yes,no,4,2,5,2,11
M,18,LE3,T,1,4,no,yes,yes,yes,yes,no,4,5,5,0,12
M,19,GT3,T,1,1,no,yes,no,no,no,yes,5,3,4,0,10
F,18,GT3,T,4,2,no,no,no,yes,no,yes,4,2,5,2,10
F,17,GT3,T,1,3,no,yes,no,no,yes,yes,4,4,3,0,15
M,18,GT3,T,1,1,no,no,no,no,yes,no,5,4,2,6,15
F,18,GT3,T,1,2,no,no,no,yes,yes,no,5,3,4,8,12
F,18,LE3,T,1,2,no,no,no,yes,yes,yes,4,3,3,0,12
F,18,GT3,T,2,4,no,no,no,yes,no,no,4,4,4,6,14
F,17,GT3,T,1,3,no,no,no,no,yes,no,4,4,5,8,14
F,17,GT3,T,1,2,no,yes,no,no,yes,yes,4,3,2,0,15
F,18,LE3,T,1,4,no,yes,no,no,yes,no,5,3,3,4,15
F,17,GT3,A,1,2,no,yes,no,no,yes,no,4,3,3,0,16
M,18,GT3,T,1,2,no,yes,no,yes,yes,no,4,3,3,0,13
M,18,LE3,T,1,2,no,no,no,yes,yes,yes,4,3,3,6,17
F,17,GT3,A,1,2,no,yes,no,no,yes,yes,3,3,1,18,14
F,18,GT3,T,1,3,no,yes,no,no,yes,no,4,3,3,0,14
F,18,GT3,T,1,3,no,no,no,no,yes,yes,5,4,3,4,17
M,18,GT3,T,1,3,no,no,no,no,yes,yes,5,3,2,4,17
M,18,GT3,T,1,3,no,yes,no,no,yes,yes,5,4,5,0,14
F,17,GT3,T,1,3,no,yes,no,yes,yes,yes,4,4,3,0,13
F,17,GT3,T,2,2,no,yes,no,yes,yes,yes,4,3,4,10,15
F,17,GT3,T,1,2,no,yes,no,yes,yes,no,4,3,5,4,16
F,19,LE3,A,2,1,no,no,no,no,yes,no,2,2,3,16,11
F,17,GT3,T,1,1,no,yes,yes,no,yes,yes,4,1,2,6,13
F,21,LE3,T,1,3,no,no,yes,yes,yes,no,3,3,2,0,12
M,18,LE3,T,1,2,no,yes,no,yes,yes,no,4,4,4,11,12
M,18,LE3,A,1,2,no,no,no,yes,yes,yes,4,3,5,9,15
F,17,GT3,T,1,2,no,yes,no,yes,yes,no,4,3,4,0,17
M,17,LE3,A,1,3,no,yes,no,no,yes,no,4,4,2,2,15
F,18,LE3,T,1,2,no,yes,no,yes,yes,no,4,2,2,0,17
M,21,LE3,T,2,2,no,yes,no,yes,yes,yes,5,3,3,21,10
F,20,GT3,T,2,3,no,no,no,no,yes,yes,3,2,2,8,15
F,19,GT3,T,1,1,no,yes,no,no,yes,yes,3,2,5,5,11
M,17,LE3,A,1,2,no,yes,no,no,yes,no,4,4,4,10,18
F,18,GT3,T,1,3,no,yes,no,no,yes,yes,4,3,4,5,17
M,18,GT3,T,1,1,no,no,no,no,yes,no,3,1,3,13,14
M,19,GT3,T,1,1,no,no,no,no,yes,no,5,3,4,10,11
F,18,LE3,A,2,2,no,yes,no,no,yes,no,4,1,4,10,17
F,20,GT3,T,2,1,yes,no,no,no,yes,yes,5,3,1,5,10
F,18,GT3,T,1,2,no,yes,no,yes,yes,yes,3,1,2,4,13
F,16,GT3,T,2,1,no,yes,no,no,yes,yes,4,3,3,11,11
F,16,GT3,T,2,2,no,yes,no,yes,yes,no,4,4,4,0,12
F,15,GT3,T,1,1,no,yes,no,no,no,yes,4,1,3,6,10
F,15,GT3,T,2,1,no,yes,no,no,yes,no,5,4,4,4,11
F,16,GT3,T,2,2,no,no,no,no,no,no,4,5,2,0,17
F,15,LE3,T,2,1,no,no,no,no,no,no,1,3,4,0,9
M,16,LE3,A,1,2,no,yes,no,no,no,no,5,3,2,5,11
M,16,GT3,A,1,3,yes,no,no,no,yes,no,4,4,3,0,11
F,17,GT3,T,1,2,no,no,no,no,no,yes,4,5,4,0,10
F,17,GT3,T,1,1,no,yes,no,no,yes,no,5,4,4,0,7
F,15,GT3,T,2,1,no,no,no,no,yes,yes,1,5,1,0,14
F,16,LE3,A,2,4,no,no,no,yes,no,yes,1,2,1,4,11
F,15,LE3,T,2,2,no,yes,no,no,yes,no,5,4,3,0,10
F,15,LE3,T,2,1,no,yes,no,no,yes,yes,4,4,3,4,8
F,16,GT3,T,2,1,no,yes,no,yes,no,no,3,2,3,0,12
F,17,GT3,T,2,1,no,yes,no,no,yes,no,5,5,5,2,12
F,15,GT3,T,2,1,no,no,no,no,yes,no,4,1,3,0,16
M,16,GT3,T,2,2,no,yes,no,yes,no,yes,5,4,5,0,0
M,17,GT3,T,1,2,no,no,yes,no,yes,no,4,4,3,4,9
M,15,LE3,T,1,2,no,yes,no,yes,yes,no,5,3,4,0,14
M,15,LE3,T,1,2,no,yes,no,yes,yes,no,5,3,4,7,8
M,16,GT3,T,3,2,no,no,no,no,no,no,3,4,5,4,11
M,15,GT3,T,4,2,no,yes,no,yes,no,yes,5,4,5,8,9
M,15,LE3,T,1,2,no,yes,no,yes,yes,no,5,3,3,0,11
M,17,GT3,T,3,1,no,no,no,yes,no,yes,5,5,5,8,9
F,16,GT3,T,2,3,no,no,no,yes,yes,yes,4,2,2,6,17
F,15,GT3,T,2,1,no,no,no,no,no,no,5,1,2,3,13
F,16,GT3,T,3,2,no,yes,no,no,yes,no,4,5,4,2,15
M,16,GT3,T,2,2,no,no,no,no,no,no,4,3,3,0,11
F,16,GT3,T,3,2,no,yes,no,no,yes,no,4,4,5,4,11
F,16,GT3,T,1,3,no,yes,no,no,no,no,1,3,2,0,8
F,16,GT3,T,1,3,no,yes,no,no,no,no,1,3,2,3,8
F,15,GT3,T,1,2,yes,yes,no,no,yes,no,4,4,2,0,9
F,16,GT3,T,1,2,no,yes,no,no,no,yes,5,4,3,0,15
M,17,LE3,T,1,1,no,yes,no,yes,yes,no,5,5,5,4,11
F,16,GT3,T,4,4,no,yes,no,no,yes,no,4,3,2,0,13
F,16,GT3,T,4,3,yes,yes,no,no,no,no,4,4,3,2,10
F,15,GT3,T,2,2,no,yes,no,yes,yes,no,4,3,3,1,11
F,16,GT3,T,2,1,no,no,no,yes,yes,yes,4,2,2,0,14
F,15,GT3,T,3,2,no,yes,no,no,no,no,4,2,1,0,14
F,15,LE3,T,1,3,yes,yes,no,no,no,no,4,4,3,2,12
M,16,GT3,T,2,1,no,no,no,yes,no,no,3,4,4,6,11
F,18,GT3,T,1,2,no,yes,no,yes,yes,yes,3,4,4,9,8
M,15,GT3,T,2,1,no,yes,no,no,no,no,3,2,3,0,11
F,16,GT3,T,3,2,no,yes,no,yes,yes,no,5,3,4,1,14
M,15,GT3,T,3,1,no,no,no,no,no,no,4,3,3,1,13
M,16,GT3,T,1,2,no,yes,no,yes,no,yes,4,3,1,0,13
F,15,GT3,T,1,2,no,yes,no,no,yes,yes,4,5,4,4,12
F,16,GT3,T,2,2,no,yes,no,yes,no,no,4,4,4,2,12
F,16,LE3,T,3,1,no,yes,no,yes,no,yes,4,3,2,0,16
M,16,LE3,T,2,1,no,yes,no,yes,yes,no,2,4,3,4,10
M,15,LE3,T,3,1,no,yes,no,yes,yes,no,4,2,4,2,11
F,15,GT3,T,2,3,no,yes,no,yes,no,no,5,3,2,0,14
F,16,LE3,T,1,1,no,yes,no,no,yes,yes,5,4,3,2,8
M,15,GT3,T,2,1,no,yes,no,yes,yes,no,4,3,3,11,11
F,16,GT3,T,2,2,yes,yes,no,no,no,no,3,4,3,0,8
F,17,GT3,T,1,1,no,yes,no,yes,no,no,4,5,3,4,10
F,19,GT3,T,1,1,no,no,no,no,yes,yes,4,4,4,0,10
F,17,GT3,T,3,1,no,yes,no,yes,no,yes,5,5,3,2,11
F,15,LE3,T,2,1,no,yes,no,no,no,yes,5,2,1,0,9
F,16,GT3,T,3,2,no,yes,no,no,yes,no,3,4,5,1,11
F,16,LE3,A,1,1,no,yes,no,no,no,no,4,3,4,6,8
F,17,GT3,T,2,2,no,yes,no,no,yes,no,4,3,5,0,11
F,16,GT3,T,1,1,no,yes,yes,yes,yes,no,4,4,3,1,10
F,18,LE3,A,2,3,no,yes,no,no,no,yes,3,3,2,6,10
F,19,GT3,T,1,3,no,no,no,yes,no,yes,5,3,1,6,9
M,18,GT3,T,2,1,no,no,no,yes,yes,no,4,4,3,0,10
F,18,GT3,T,2,1,no,no,no,no,yes,yes,3,2,3,4,10
F,19,GT3,T,2,2,no,yes,no,no,yes,yes,1,1,4,12,9
F,16,GT3,A,1,2,no,no,no,no,no,yes,3,3,2,2,10
F,17,GT3,T,2,1,no,no,no,yes,no,no,2,4,4,5,10
F,16,LE3,T,1,2,no,no,no,yes,yes,no,4,4,5,0,9
F,16,GT3,T,1,1,no,no,no,yes,yes,yes,4,5,4,0,13
F,16,LE3,T,1,1,no,yes,no,yes,yes,yes,4,4,4,2,14
M,17,GT3,T,2,4,no,yes,yes,yes,no,no,5,4,5,0,10
F,16,GT3,T,1,2,no,yes,no,yes,yes,no,5,3,3,0,14
F,16,GT3,T,1,1,no,yes,yes,yes,no,yes,4,2,5,0,16
M,17,GT3,T,1,1,no,yes,no,yes,yes,yes,5,3,5,12,7
M,16,LE3,T,1,1,no,no,no,yes,yes,no,4,2,5,8,13
M,17,LE3,T,3,4,no,yes,no,no,no,no,1,3,5,2,9
F,16,GT3,T,1,4,yes,yes,no,yes,yes,no,2,2,1,0,14
F,19,LE3,T,1,3,no,no,no,no,yes,yes,5,4,5,0,13
F,17,GT3,T,2,1,no,yes,no,yes,yes,yes,4,4,5,0,11
F,20,GT3,T,2,2,no,no,no,yes,yes,yes,3,3,4,8,10
F,17,LE3,T,1,3,no,yes,no,no,no,yes,4,3,3,0,10
M,17,GT3,T,3,1,no,yes,no,no,yes,no,4,4,5,0,9
F,16,LE3,T,3,2,no,yes,no,no,no,no,5,3,2,0,18
F,17,GT3,T,2,2,no,yes,no,yes,no,no,5,3,2,0,17
F,17,GT3,A,2,2,no,no,no,no,yes,yes,4,4,5,1,10
F,18,GT3,T,1,2,no,yes,no,no,yes,yes,4,3,2,9,7
F,16,GT3,T,1,1,no,no,no,yes,yes,no,3,1,3,0,8
F,16,GT3,T,1,1,no,no,no,no,yes,no,3,1,3,2,7
F,18,LE3,T,2,2,yes,no,no,no,no,no,2,3,5,8,10
F,16,GT3,T,1,2,no,no,no,yes,yes,yes,4,3,3,0,16
F,16,LE3,T,2,1,no,no,no,yes,yes,no,5,4,5,0,15
F,18,GT3,A,1,2,no,yes,no,no,yes,no,2,3,2,8,8
M,16,GT3,T,2,2,no,no,no,yes,yes,no,5,2,1,0,0
F,16,LE3,T,3,2,no,yes,no,no,yes,no,4,3,2,6,8
F,16,GT3,T,2,2,no,yes,no,yes,yes,no,3,3,3,0,10
F,16,GT3,T,1,2,no,yes,no,no,yes,yes,4,3,4,4,8
M,18,LE3,T,1,4,no,yes,no,yes,yes,yes,5,5,5,2,6
F,16,LE3,T,3,2,no,yes,no,no,no,no,4,2,1,2,8
M,17,LE3,T,1,3,no,yes,no,no,yes,no,4,4,3,0,16
F,17,GT3,T,1,1,no,no,no,no,yes,yes,4,2,3,1,14
M,16,LE3,T,4,3,no,no,no,no,no,no,5,1,3,0,10
F,17,GT3,T,1,1,no,yes,yes,no,yes,no,5,1,3,5,9
F,16,LE3,T,2,1,no,yes,no,no,no,no,5,1,3,1,11
M,17,GT3,T,1,1,no,yes,no,yes,yes,no,4,1,4,8,9
M,17,GT3,T,3,2,no,no,no,no,yes,yes,5,1,3,0,10
M,16,GT3,T,2,2,no,no,no,no,yes,yes,4,2,2,2,8
F,16,LE3,T,1,2,no,no,no,no,yes,yes,3,2,2,0,16
M,16,LE3,T,1,1,no,yes,no,no,yes,no,4,1,2,0,12
M,15,GT3,T,3,2,no,yes,no,yes,no,no,5,5,5,11,10
M,15,LE3,A,3,4,no,yes,no,yes,no,no,5,4,5,8,14
M,15,LE3,A,1,1,no,no,no,yes,yes,no,4,3,3,11,12
F,16,LE3,T,1,3,no,yes,no,no,no,yes,4,3,3,2,11
F,16,LE3,T,2,2,no,yes,no,yes,yes,no,1,2,4,8,10
F,17,GT3,T,2,1,no,no,no,no,no,yes,4,3,3,5,11
F,17,GT3,T,2,2,yes,no,yes,no,no,no,5,1,3,0,11
F,16,GT3,T,2,3,no,yes,no,no,yes,yes,5,3,5,1,12
M,17,GT3,T,3,1,no,no,no,yes,yes,yes,3,3,3,2,8
M,17,LE3,T,2,1,no,no,no,yes,no,yes,5,1,2,2,12
M,17,GT3,T,1,2,no,yes,no,yes,yes,yes,5,4,4,8,8
F,17,GT3,T,1,2,no,yes,no,no,yes,no,5,2,5,0,16
M,16,LE3,T,1,1,no,no,no,no,yes,no,4,1,2,0,11
F,17,GT3,A,1,2,no,no,no,yes,yes,yes,4,5,5,2,11
F,17,GT3,T,2,2,yes,yes,no,no,yes,no,4,3,3,0,18
M,16,LE3,A,2,2,no,yes,no,no,yes,yes,4,1,2,0,13
M,17,GT3,T,2,2,no,yes,yes,no,yes,no,4,1,2,0,13
M,19,GT3,T,1,2,no,yes,no,yes,yes,no,4,4,3,2,10
M,17,LE3,A,1,1,no,no,no,no,no,yes,4,1,2,4,12
F,17,GT3,T,2,1,no,yes,no,yes,yes,yes,3,5,5,3,10
F,16,GT3,T,1,3,yes,yes,no,no,yes,yes,4,3,4,5,13
M,16,LE3,T,1,1,no,no,no,no,no,no,4,4,4,4,11
F,17,GT3,T,2,2,no,yes,no,yes,yes,yes,5,4,4,2,10
M,17,GT3,T,2,1,no,no,no,yes,no,yes,5,5,5,0,10
M,18,GT3,T,3,1,yes,yes,no,no,no,no,4,3,2,0,13
M,17,GT3,T,2,1,no,yes,no,yes,yes,yes,4,5,5,0,10
M,18,LE3,T,2,2,no,yes,no,yes,no,no,4,3,3,6,10
F,16,LE3,T,1,2,no,no,no,yes,no,yes,5,4,3,0,12
M,17,GT3,T,1,1,no,no,no,yes,no,yes,1,2,1,0,0
M,16,GT3,T,2,1,no,no,no,no,yes,no,4,5,5,2,10
M,16,LE3,T,2,1,no,no,no,yes,yes,no,4,5,5,0,9
M,18,GT3,T,2,1,no,yes,no,no,yes,yes,5,3,3,2,9
M,18,GT3,T,1,1,no,no,no,no,yes,no,2,3,1,0,0
M,19,GT3,T,2,1,no,no,no,yes,no,no,3,2,1,4,9
M,18,GT3,T,1,2,no,yes,no,yes,yes,no,4,4,5,9,8
M,16,GT3,T,2,1,no,yes,no,yes,yes,yes,5,4,3,6,8
M,19,GT3,T,2,1,no,no,no,yes,yes,yes,4,4,3,4,9
F,16,GT3,A,2,2,no,yes,no,yes,no,yes,2,5,5,8,7
F,17,GT3,T,1,1,no,yes,no,yes,no,no,4,3,2,9,10
M,20,GT3,T,2,1,no,yes,no,no,yes,yes,4,4,3,12,10
F,18,GT3,A,1,1,no,yes,no,no,yes,no,5,4,4,8,10
M,18,GT3,T,2,1,no,yes,no,no,yes,no,2,5,5,8,11
M,19,GT3,T,3,2,no,no,no,no,yes,no,5,4,4,8,11
M,17,GT3,T,2,2,no,yes,no,no,yes,no,4,5,4,4,10
M,18,LE3,T,1,1,no,no,no,no,yes,yes,4,3,3,0,9
M,19,GT3,T,3,1,no,yes,no,no,yes,no,4,4,4,4,10
F,18,GT3,A,2,2,no,yes,no,no,no,no,4,3,3,2,8
F,19,LE3,A,1,1,no,yes,no,no,no,no,1,4,4,0,7
F,18,GT3,T,2,1,no,no,no,no,yes,yes,5,5,5,0,0
F,17,GT3,T,2,1,no,yes,no,no,yes,no,4,4,3,0,11
F,17,LE3,A,2,3,no,yes,yes,no,no,no,4,2,3,5,8
F,17,GT3,T,1,2,yes,yes,no,yes,yes,no,5,5,5,0,0
F,18,LE3,T,1,2,no,yes,no,yes,yes,no,2,3,3,3,8
F,17,GT3,T,1,1,no,yes,no,no,no,yes,3,2,2,0,9
F,17,LE3,T,1,1,no,no,no,no,yes,no,5,5,1,0,10
F,18,GT3,T,3,2,no,no,no,yes,no,yes,3,4,4,3,7
F,18,GT3,T,2,2,no,no,no,yes,yes,no,4,3,5,2,14
F,17,GT3,T,2,1,no,yes,no,no,yes,no,4,4,3,0,13
F,18,LE3,A,2,2,no,no,no,no,yes,no,4,4,3,0,14
F,18,GT3,T,2,2,no,no,no,yes,yes,no,4,3,5,0,18
M,18,LE3,T,1,1,no,yes,no,yes,yes,no,5,4,5,3,17
F,17,GT3,T,2,2,no,yes,no,no,yes,no,4,3,3,0,18
F,18,GT3,T,3,2,no,no,no,yes,no,yes,4,3,3,0,0
M,18,LE3,T,2,1,no,yes,no,no,no,no,4,1,4,8,11
M,18,GT3,T,3,1,no,yes,yes,yes,yes,yes,2,5,5,5,14
M,17,GT3,T,3,1,no,no,no,no,no,no,4,2,3,4,14
F,18,GT3,T,2,2,no,yes,no,no,yes,yes,1,3,1,4,10
F,18,LE3,T,2,3,no,no,no,no,yes,yes,5,4,5,0,13
F,18,LE3,A,1,2,no,no,no,yes,yes,yes,5,3,1,0,0
F,18,GT3,T,3,2,no,no,no,no,no,no,4,4,2,2,10
F,19,GT3,T,2,1,no,no,no,no,no,no,5,5,5,0,0
F,17,GT3,T,2,4,no,no,no,no,yes,yes,4,2,3,0,18
F,17,LE3,A,2,2,no,no,no,yes,yes,yes,5,3,3,5,12
F,18,LE3,A,1,2,no,no,no,no,no,yes,5,2,3,2,11
F,18,GT3,T,2,2,no,yes,no,no,no,no,4,1,1,0,12
F,19,GT3,A,2,2,no,yes,no,yes,no,yes,3,5,4,0,0
F,18,GT3,T,2,3,no,no,no,no,yes,yes,4,2,1,5,15
M,17,GT3,T,2,2,no,yes,yes,yes,yes,yes,4,5,5,4,11
F,18,GT3,T,1,2,no,yes,no,no,no,yes,5,3,4,0,10
F,17,GT3,T,2,2,no,yes,yes,yes,yes,no,4,3,3,2,12
F,17,LE3,A,2,2,no,no,no,no,no,yes,1,2,3,0,15
M,18,LE3,T,2,1,no,no,no,no,yes,yes,3,3,2,2,14
F,18,LE3,T,2,3,no,no,no,no,yes,no,5,3,2,0,18
F,18,LE3,A,3,2,no,no,no,no,no,yes,4,3,4,0,15
F,18,GT3,T,2,2,no,yes,no,no,yes,yes,4,3,2,6,13
F,17,LE3,T,1,2,no,yes,no,yes,yes,yes,2,3,4,4,15
F,17,GT3,T,2,2,no,no,no,no,no,no,3,2,2,0,13
M,18,GT3,T,2,2,no,yes,yes,no,no,no,3,3,4,0,9
M,18,LE3,T,2,3,no,no,no,no,yes,yes,4,2,2,0,16
F,17,GT3,T,3,1,no,yes,no,no,yes,yes,5,2,1,0,9
F,18,GT3,T,2,1,no,yes,no,no,yes,yes,5,2,3,0,10
F,18,GT3,T,3,2,no,yes,no,no,yes,yes,3,2,2,0,0
M,18,LE3,T,3,1,no,yes,no,yes,yes,yes,4,3,3,3,10
F,17,GT3,T,1,3,no,no,no,yes,no,yes,3,4,3,8,12
F,17,GT3,T,1,1,no,no,no,yes,yes,no,3,5,5,4,9
F,18,LE3,T,2,3,no,no,no,no,yes,no,5,4,4,0,17
F,18,GT3,T,4,3,no,no,no,no,yes,no,4,3,2,4,12
F,19,GT3,T,2,2,no,yes,no,no,yes,yes,4,3,3,4,9
F,18,LE3,T,1,2,no,no,no,yes,yes,no,5,4,3,1,14
F,18,GT3,T,1,2,no,no,no,no,yes,yes,4,1,3,1,16
F,17,GT3,T,1,2,no,yes,no,yes,yes,no,4,5,4,10,9
M,18,GT3,T,1,2,no,no,no,yes,yes,no,3,2,4,4,19
M,18,GT3,T,2,1,no,no,no,yes,yes,yes,4,4,3,0,0
M,17,GT3,T,2,2,no,no,no,yes,yes,no,4,4,3,4,16
M,19,GT3,T,2,1,no,no,no,no,no,no,4,3,2,0,0
M,18,GT3,T,2,1,no,no,yes,no,no,no,5,4,3,0,0
F,18,GT3,T,2,3,no,no,no,no,no,no,5,3,3,0,15
F,17,GT3,T,2,2,no,no,no,no,yes,no,5,5,4,0,11
F,18,GT3,T,3,1,no,yes,no,yes,yes,yes,4,4,3,4,10
F,19,GT3,T,1,3,no,no,no,yes,yes,no,5,4,2,4,10
F,18,LE3,T,1,2,no,yes,no,no,yes,no,4,3,4,4,16
F,18,GT3,T,2,2,no,no,no,yes,no,no,1,1,1,6,9
M,17,LE3,T,2,1,no,no,no,no,yes,no,2,4,5,6,10
M,18,LE3,T,3,1,no,no,no,no,yes,no,4,4,1,4,11
